-- MOVIE
INSERT INTO movie(movie_no,title,image,subtitle,pub_date,director,actor,user_rating,price) VALUES
    (1,'해리 포터와 마법사의 돌','https://ssl.pstatic.net/imgmovie/mdi/mit110/0306/30688_P28_142632.jpg','Harry Potter And The Sorcerer''s Stone',2001,'크리스 콜럼버스','다니엘 래드클리프, 루퍼트 그린트, 엠마 왓슨',9.36,6000);
INSERT INTO movie(movie_no,title,image,subtitle,pub_date,director,actor,user_rating,price) VALUES
    (2,'해리 포터와 비밀의 방','https://ssl.pstatic.net/imgmovie/mdi/mit110/0339/C3930-06.jpg','Harry Potter And The Chamber Of Secrets',2002,'크리스 콜럼버스','다니엘 래드클리프, 루퍼트 그린트, 엠마 왓슨',8.9,5000);
INSERT INTO movie(movie_no,title,image,subtitle,pub_date,director,actor,user_rating,price) VALUES
    (3,'해리 포터와 아즈카반의 죄수','https://ssl.pstatic.net/imgmovie/mdi/mit110/0355/35546_P88_142722.jpg','Harry Potter And The Prisoner Of Azkaban',2004,'알폰소 쿠아론','다니엘 래드클리프, 엠마 왓슨, 루퍼트 그린트',8.75,4000);
INSERT INTO movie(movie_no,title,image,subtitle,pub_date,director,actor,user_rating,price) VALUES
    (4,'해리 포터와 불의 잔','https://ssl.pstatic.net/imgmovie/mdi/mit110/0378/37883_P158_182652.jpg','Harry Potter And The Goblet Of Fire',2005,'마이크 뉴웰','다니엘 래드클리프, 엠마 왓슨, 루퍼트 그린트',8.04,3000);
INSERT INTO movie(movie_no,title,image,subtitle,pub_date,director,actor,user_rating,price) VALUES
    (5,'해리 포터와 불사조 기사단','https://ssl.pstatic.net/imgmovie/mdi/mit110/0570/E7095-00.jpg','Harry Potter And The Order Of The Phoenix',2007,'데이빗 예이츠','다니엘 래드클리프, 엠마 왓슨, 루퍼트 그린트',7.04,2000);
INSERT INTO movie(movie_no,title,image,subtitle,pub_date,director,actor,user_rating,price) VALUES
    (6,'해리 포터와 혼혈 왕자','https://ssl.pstatic.net/imgmovie/mdi/mit110/0679/67900_P01_130458.jpg','Harry Potter And The Half-Blood Prince',2009,'데이빗 예이츠','다니엘 래드클리프, 엠마 왓슨, 루퍼트 그린트',6.97,1000);
INSERT INTO movie(movie_no,title,image,subtitle,pub_date,director,actor,user_rating,price) VALUES
    (7,'신비한 동물들과 덤블도어의 비밀','https://ssl.pstatic.net/imgmovie/mdi/mit110/1641/164122_P03_160045.jpg','Fantastic Beasts: The Secrets of Dumbledore',2022,'데이빗 예이츠','주드 로, 에디 레드메인, 에즈라 밀러, 매즈 미켈슨',6.5,7000);
INSERT INTO movie(movie_no,title,image,subtitle,pub_date,director,actor,user_rating,price) VALUES
    (8,'신비한 동물들과 그린델왈드의 범죄','https://ssl.pstatic.net/imgmovie/mdi/mit110/1542/154255_P24_095824.jpg','Fantastic Beasts: The Crimes of Grindelwald',2018,'데이빗 예이츠|','에디 레드메인, 조니 뎁, 캐서린 워터스턴, 주드 로, 에즈라 밀러',6.17,8000);
INSERT INTO movie(movie_no,title,image,subtitle,pub_date,director,actor,user_rating,price) VALUES
    (9,'예티:신비한 동물 탐험대','https://ssl.pstatic.net/imgmovie/mdi/mit110/1491/149121_P12_115050.jpg','Mission Kathmandu',2017,'피에르 그레코, 낸시 플로렌스 사바르','이다은, 박성영',9,9000);
INSERT INTO movie(movie_no,title,image,subtitle,pub_date,director,actor,user_rating,price) VALUES
    (10,'신비한 동물사전','https://ssl.pstatic.net/imgmovie/mdi/mit110/1156/115642_P40_141424.jpg','Fantastic Beasts and Where to Find Them',2016,'데이빗 예이츠','에디 레드메인, 캐서린 워터스턴, 콜린 파렐, 앨리슨 수돌',8.18,10000);
INSERT INTO movie(movie_no,title,image,subtitle,pub_date,director,actor,user_rating,price) VALUES
    (11,'극장판 천재 추리 탐정 셜록홈즈','https://ssl.pstatic.net/imgmovie/mdi/mit110/1954/195491_P14_153906.jpg','Sherlock Holmes &amp; the Great Escape',2019,'원건도, 추영조','석승훈, 김용, 서정익, 박시윤',9.39,12000);
INSERT INTO movie(movie_no,title,image,subtitle,pub_date,director,actor,user_rating,price) VALUES
    (12,'셜록 놈즈','https://ssl.pstatic.net/imgmovie/mdi/mit110/1586/158620_P19_101107.jpg','Sherlock Gnomes',2018,'존 스티븐슨','조니 뎁, 에밀리 블런트, 제임스 맥어보이',8.48,13000);
INSERT INTO movie(movie_no,title,image,subtitle,pub_date,director,actor,user_rating,price) VALUES
    (13,'셜록: 유령신부','https://ssl.pstatic.net/imgmovie/mdi/mit110/1432/143245_P21_135147.jpg','SHERLOCK',2015,'더글러스 맥키넌','베네딕트 컴버배치, 마틴 프리먼',7.15,14000);
INSERT INTO movie(movie_no,title,image,subtitle,pub_date,director,actor,user_rating,price) VALUES
    (14,'셜록 시즌2','https://ssl.pstatic.net/imgmovie/mdi/mit110/0921/92189_P01_104907.jpg','Sherlock',2012,'폴 맥기건','베네딕트 컴버배치, 마틴 프리먼',9.9,16000);
INSERT INTO movie(movie_no,title,image,subtitle,pub_date,director,actor,user_rating,price) VALUES
    (15,'셜록홈즈 : 그림자 게임','https://ssl.pstatic.net/imgmovie/mdi/mit110/0735/73508_P30_154625.jpg','Sherlock Holmes: A Game of Shadows',2011,'가이 리치','로버트 다우니 주니어, 주드 로',8,17000);
INSERT INTO movie(movie_no,title,image,subtitle,pub_date,director,actor,user_rating,price) VALUES
    (16,'셜록 시즌1','https://ssl.pstatic.net/imgmovie/mdi/mit110/0812/81202_P01_112130.jpg','Sherlock',2010,'폴 맥기건','베네딕트 컴버배치, 마틴 프리먼',9.82,18000);
INSERT INTO movie(movie_no,title,image,subtitle,pub_date,director,actor,user_rating,price) VALUES
    (17,'톰과 제리 설록홈즈를 만나다','https://ssl.pstatic.net/imgmovie/mdi/mit110/0915/91586_P01_181356.jpg','Tom and Jerry Meet <b>Sherlock</b> Holmes',2010,'스파이크 브랜트, 제프 서지','마이클 요크|말콤 맥도웰',7.22,19000);
INSERT INTO movie(movie_no,title,image,subtitle,pub_date,director,actor,user_rating,price) VALUES
    (18,'셜록홈즈-비밀의 열쇠','https://ssl.pstatic.net/imgmovie/mdi/mit110/0762/76263_P01_105346.jpg','Sherlock Holmes',2010,'레이첼 골덴버그','벤 사이더|가레스 데이비드 로이드',3.25,20000);
INSERT INTO movie(movie_no,title,image,subtitle,pub_date,director,actor,user_rating,price) VALUES
    (19,'셜록 홈즈','https://ssl.pstatic.net/imgmovie/mdi/mit110/0511/51132_P31_200710.jpg','Sherlock Holmes',2009,'가이 리치','로버트 다우니 주니어, 주드 로, 레이첼 맥아담스, 마크 스트롱',8.19,21000);
INSERT INTO movie(movie_no,title,image,subtitle,pub_date,director,actor,user_rating,price) VALUES
    (20,'셜록 홈즈 앤 더 베이커 스트리트 이레귤러스','https://ssl.pstatic.net/imgmovie/mdi/mit110/1060/106057_P01_181939.jpg','Sherlock Holmes and the Baker Street Irregulars',2007,'줄리안 켐프','조나단 프라이스, 빌 패터슨',5.5,22000);
INSERT INTO movie(movie_no,title,image,subtitle,pub_date,director,actor,user_rating,price) VALUES
    (21,'셜록: 죽음의 덫','https://ssl.pstatic.net/imgmovie/mdi/mit110/0775/77555_P06_163711.jpg','Sherlock',2002,'그레이엄 데이크스튼','제임스 다시, 로저 모리지',4.08,23000);
INSERT INTO movie(movie_no,title,image,subtitle,pub_date,director,actor,user_rating,price) VALUES
    (22,'닥터 스트레인지: 대혼돈의 멀티버스','https://ssl.pstatic.net/imgmovie/mdi/mit110/1820/182016_P12_172809.jpg','Doctor Strange in the Multiverse of Madness',2022,'샘 레이미','베네딕트 컴버배치, 엘리자베스 올슨',7.7,24000);
INSERT INTO movie(movie_no,title,image,subtitle,pub_date,director,actor,user_rating,price) VALUES
    (23,'닥터 스트레인지','https://ssl.pstatic.net/imgmovie/mdi/mit110/1254/125459_P19_102404.jpg','Doctor Strange',2016,'스콧 데릭슨','베네딕트 컴버배치, 틸다 스윈튼, 치웨텔 에지오포, 레이첼 맥아담스, 매즈 미켈슨',8.72,25000);
INSERT INTO movie(movie_no,title,image,subtitle,pub_date,director,actor,user_rating,price) VALUES
    (24,'토르: 러브 앤 썬더','https://ssl.pstatic.net/imgmovie/mdi/mit110/1873/187347_P01_103714.jpg','Thor: Love and Thunder',2022,'타이카 와이티티','크리스 헴스워스, 테사 톰슨, 나탈리 포트만, 크리스찬 베일, 크리스 프랫',9.83,26000);
INSERT INTO movie(movie_no,title,image,subtitle,pub_date,director,actor,user_rating,price) VALUES
    (25,'토르: 라그나로크','https://ssl.pstatic.net/imgmovie/mdi/mit110/1348/134898_P22_111152.png','Thor: Ragnarok',2017,'타이카 와이티티','크리스 헴스워스, 톰 히들스턴, 케이트 블란쳇, 마크 러팔로',8.85,27000);
INSERT INTO movie(movie_no,title,image,subtitle,pub_date,director,actor,user_rating,price) VALUES
    (26,'토르: 다크 월드','https://ssl.pstatic.net/imgmovie/mdi/mit110/0958/95873_P10_135653.jpg','Thor: The Dark World',2013,'앨런 테일러','크리스 헴스워스, 나탈리 포트만, 톰 히들스턴, 안소니 홉킨스, 크리스토퍼 에클리스턴, 이드리스 엘바',8.35,28000);
INSERT INTO movie(movie_no,title,image,subtitle,pub_date,director,actor,user_rating,price) VALUES
    (27,'토르: 천둥의 신','https://ssl.pstatic.net/imgmovie/mdi/mit110/0699/69989_P13_161342.jpg','Thor',2011,'케네스 브래너','크리스 헴스워스, 나탈리 포트만, 톰 히들스턴, 안소니 홉킨스, 스텔란 스카스가드, 캣 데닝스',7.33,29000);
INSERT INTO movie(movie_no,title,image,subtitle,pub_date,director,actor,user_rating,price) VALUES
    (28,'아이언맨 3','https://ssl.pstatic.net/imgmovie/mdi/mit110/0702/70254_P35_153229.jpg','Iron Man 3',2013,'셰인 블랙','로버트 다우니 주니어, 기네스 팰트로, 벤 킹슬리, 돈 치들, 가이 피어스, 레베카 홀',8.86,30000);
INSERT INTO movie(movie_no,title,image,subtitle,pub_date,director,actor,user_rating,price) VALUES
    (29,'아이언맨 2','https://ssl.pstatic.net/imgmovie/mdi/mit110/0490/49008_P52_162130.jpg','Iron Man 2',2010,'존 파브로','로버트 다우니 주니어, 기네스 팰트로, 돈 치들, 스칼릿 조핸슨, 미키 루크',7.37,31000);
INSERT INTO movie(movie_no,title,image,subtitle,pub_date,director,actor,user_rating,price) VALUES
    (30,'아이언맨','https://ssl.pstatic.net/imgmovie/mdi/mit110/0448/D4885-01.jpg','Iron Man',2008,'존 파브로','로버트 다우니 주니어, 테렌스 하워드, 제프 브리지스, 기네스 팰트로',8.93,32000);
INSERT INTO movie(movie_no,title,image,subtitle,pub_date,director,actor,user_rating,price) VALUES
    (31,'반지의 제왕: 왕의 귀환','https://ssl.pstatic.net/imgmovie/mdi/mit110/0317/31796_P74_100250.jpg','The Lord Of The Rings: The Return Of The King',2003,'피터 잭슨','일라이저 우드, 숀 애스틴, 앤디 서키스, 이안 맥켈런, 리브 타일러, 비고 모텐슨',9.38,33000);
INSERT INTO movie(movie_no,title,image,subtitle,pub_date,director,actor,user_rating,price) VALUES
    (32,'반지의 제왕: 두 개의 탑','https://ssl.pstatic.net/imgmovie/mdi/mit110/0317/31795_P38_100048.jpg','The Lord Of The Rings: The Two Towers',2002,'피터 잭슨','일라이저 우드, 이안 맥켈런, 비고 모텐슨',9.35,34000);
INSERT INTO movie(movie_no,title,image,subtitle,pub_date,director,actor,user_rating,price) VALUES
    (33,'비욘드 더 무비 - 반지의 제왕','https://ssl.pstatic.net/imgmovie/mdi/mit110/0639/63951_P01_090942.jpg','National Geographic: Beyond The Movie - The Lord Of The Rings',2002,'리자 코스','필 크로리, 존 호우',7.92,35000);
INSERT INTO movie(movie_no,title,image,subtitle,pub_date,director,actor,user_rating,price) VALUES
    (34,'반지의 제왕: 반지 원정대','https://ssl.pstatic.net/imgmovie/mdi/mit110/0317/31794_P49_134515.jpg','The Lord Of The Rings: The Fellowship Of The Ring',2001,'피터 잭슨','일라이저 우드, 이안 맥켈런, 리브 타일러, 비고 모텐슨, 숀 애스틴, 케이트 블란쳇',9.3,36000);
INSERT INTO movie(movie_no,title,image,subtitle,pub_date,director,actor,user_rating,price) VALUES
    (35,'토이 스토리 4','https://ssl.pstatic.net/imgmovie/mdi/mit110/1019/101966_P09_114632.jpg','Toy Story 4',2019,'조시 쿨리','톰 행크스, 애니 파츠, 토니 헤일, 팀 알렌',9.02,37000);
INSERT INTO movie(movie_no,title,image,subtitle,pub_date,director,actor,user_rating,price) VALUES
    (36,'토이 스토리 공룡 전사들의 도시','https://ssl.pstatic.net/imgmovie/mdi/mit110/1307/130784_P00_112236.jpg','Toy Story That Time Forgot',2014,'스티브 퍼셀','톰 행크스, 크리스틴 스칼, 팀 알렌, 티모시 달튼, 조안 쿠삭',8.43,38000);
INSERT INTO movie(movie_no,title,image,subtitle,pub_date,director,actor,user_rating,price) VALUES
    (37,'토이 스토리 공포의 대탈출','https://ssl.pstatic.net/imgmovie/mdi/mit110/1019/101967_P00_112121.jpg','Toy Story of Terror',2013,'앤거스 맥클레인','톰 행크스, 팀 알렌, 조안 쿠삭',9.35,39000);
INSERT INTO movie(movie_no,title,image,subtitle,pub_date,director,actor,user_rating,price) VALUES
    (38,'파티사우루스 렉스','https://ssl.pstatic.net/imgmovie/mdi/mit110/1501/150159_P01_175457.jpg','Partysaurus Rex',2012,'마크 A. 월쉬','톰 행크스, 팀 알렌, 월리스 쇼운, 코리 버튼, 토니 콕스, 도널드 풀리러브, 에밀리 한, 돈 리클스',9.2,40000);
INSERT INTO movie(movie_no,title,image,subtitle,pub_date,director,actor,user_rating,price) VALUES
    (39,'토이 스토리 3','https://ssl.pstatic.net/imgmovie/mdi/mit110/0664/66463_P46_190114.jpg','Toy Story 3',2010,'리 언크리치','톰 행크스, 팀 알렌, 조안 쿠삭',9.4,41000);


-- USER
INSERT INTO user(email,password,nickname) VALUES
    ('hi@gmail.com','{bcrypt}$2a$10$Hh7EkcTqXcgryU1y84QqV.QapFHDSp69jOD0csfujJs7gLyE9fSGC','user1');
INSERT INTO user(email,password,nickname) VALUES
    ('hi2@gmail.com','{bcrypt}$2a$10$Hh7EkcTqXcgryU1y84QqV.QapFHDSp69jOD0csfujJs7gLyE9fSGC','user2');
INSERT INTO user(email,password,nickname) VALUES
    ('hi3@gmail.com','{bcrypt}$2a$10$Hh7EkcTqXcgryU1y84QqV.QapFHDSp69jOD0csfujJs7gLyE9fSGC','user3');
INSERT INTO user(email,password,nickname) VALUES
    ('hi4@gmail.com','{bcrypt}$2a$10$Hh7EkcTqXcgryU1y84QqV.QapFHDSp69jOD0csfujJs7gLyE9fSGC','user4');
INSERT INTO user(email,password,nickname) VALUES
    ('hi5@gmail.com','{bcrypt}$2a$10$Hh7EkcTqXcgryU1y84QqV.QapFHDSp69jOD0csfujJs7gLyE9fSGC','user5');
INSERT INTO user(email,password,nickname) VALUES
    ('hi6@gmail.com','{bcrypt}$2a$10$Hh7EkcTqXcgryU1y84QqV.QapFHDSp69jOD0csfujJs7gLyE9fSGC','user6');
INSERT INTO user(email,password,nickname) VALUES
    ('hi7@gmail.com','{bcrypt}$2a$10$Hh7EkcTqXcgryU1y84QqV.QapFHDSp69jOD0csfujJs7gLyE9fSGC','user7');


-- REVIEW
INSERT INTO REVIEW(user_no,movie_no,title,content) VALUES
    (6,1,'해리포터는 드라마로 시즌7까지 나와야함','1편부터도 2시간은 말이 안됐다고. 해리포터는 1시간짜리 드라마로 해서 10편에서 12편 정도를 한 시즌으로,시즌7까지 만들어야 된다고 본다.');
INSERT INTO REVIEW(user_no,movie_no,title,content) VALUES
    (5,2,'해리포터 시리즈의 전환점','내가 해리포터에서 가장 좋아하는 인물은 ''시리우스''이기 때문에 아즈카반보다도 이 불사조를 더 좋아할 수 밖에 없다. 대부로서의 그의 모습이 정말 좋다. 물론 결말은 아플지라도.. 해리에게 친구가 아닌 또 하나의 든든한 지원군이 생겼다는 점에서 해리포터 시리즈의 전환점이라고 생각한다.');
INSERT INTO REVIEW(user_no,movie_no,title,content) VALUES
    (7,2,'이 시리즈의 끝을 꼭 봐야겠음','본인 세계관 파괴를 일삼는 롤링의 각본 탓인지 스토리의 개연성이 많이 떨어지지만 뉴트 스캐맨더는 참 반갑다.');
INSERT INTO REVIEW(user_no,movie_no,title,content) VALUES
    (4,2,'음표 날리는거 유치해서 피식했음ㅎㅎ','난 너무 재미있었다구ㅋ');
INSERT INTO REVIEW(user_no,movie_no,title,content) VALUES
    (7,4,'해리포터노래 나올때 소름..','범죄는많은데.. 동물은 왤케적냐');
INSERT INTO REVIEW(user_no,movie_no,title,content) VALUES
    (3,3,'쿠키영상 꼭 보세요','완다 비중이 시빌워 때 토니 급. 다른 건 몰라도 연기는 미쳤음..');
INSERT INTO REVIEW(user_no,movie_no,title,content) VALUES
    (3,5,'시빌워에 자기들 안 불러서 삐진 그뉵아저씨들의 설움 풀기','토르 머리 짧아지니까 진짜 잘생겼다는..깨알 스트레인지 멋있었고 전체적으로 재밌었어요.');
INSERT INTO REVIEW(user_no,movie_no,title,content) VALUES
    (5,6,'망치의 신 토르가 천둥이 신이 되어가는 영화','우리는 잊고 있었다. 토르가 ‘망치’의 신이 아니고 ‘천둥’의 신이라는걸.');
INSERT INTO REVIEW(user_no,movie_no,title,content) VALUES
    (3,5,'아이언맨 기대를 저버리지 않음','최고다. 후속작은 재미없을 거라는 편견을 깨준영화.');
INSERT INTO REVIEW(user_no,movie_no,title,content) VALUES
    (5,7,'재미있음 코믹과 스토리를 잘 섞었는 영화','본편을 능가하는 후속작인듯');
INSERT INTO REVIEW(user_no,movie_no,title,content) VALUES
    (4,10,'내가 극장에서 이 영화를 봣다는게 너무 자랑스러움','현존하는 최고의 판타지영화... 퀄리티가 절대 애들용이 아님');
INSERT INTO REVIEW(user_no,movie_no,title,content) VALUES
    (2,8,'몇년이 지난 영화인데도 소름돋는영화','반지의제왕 안본사람은 있어도한번본 사람은 없다는게 사실인가요');
INSERT INTO REVIEW(user_no,movie_no,title,content) VALUES
    (4,3,'이 시리즈의 끝을 꼭 봐야겠음','본인 세계관 파괴를 일삼는 롤링의 각본 탓인지 스토리의 개연성이 많이 떨어지지만 뉴트 스캐맨더는 참 반갑다.');
INSERT INTO REVIEW(user_no,movie_no,title,content) VALUES
    (1,8,'보니야...','앤디가 너에게 영원한 파트너를 맡겼는데 그렇게 잊혀지게 두면 어떡하니...ㅠㅠ');
INSERT INTO REVIEW(user_no,movie_no,title,content) VALUES
    (4,5,'재밌긴한데','3편보다 더 완벽한 엔딩이란거엔 동의를 못하겠다');
INSERT INTO REVIEW(user_no,movie_no,title,content) VALUES
    (3,9,'나만 아쉬움??? ㅠㅠㅠㅠㅠ','아니 저 친구들 함께 한 세월이 몇인데 우디를 이렇게 쉽게 보내주냐 버즈 너라도 한번쯤은 매달려보지ㅠㅠㅠㅠ우디 새 삶 찾은 건 좋지만 나만 아쉬운거야???');
INSERT INTO REVIEW(user_no,movie_no,title,content) VALUES
    (5,4,'십점만점에 십점','1편만큼 대단한 2편');
INSERT INTO REVIEW(user_no,movie_no,title,content) VALUES
    (2,8,'겁나 재밋음 ㅋ','어렸을때 맨날 이것만 봤었다 ㅎ');
INSERT INTO REVIEW(user_no,movie_no,title,content) VALUES
    (6,10,'진짜는 1부터','진짜 아이언맨은 1부터봐야 진리다.. 1안보고 보통 어벤져스때 아이언맨처음본사람 많은데 진짜 아무것도모른상태로 1보면 진짜 개재미짐..');
INSERT INTO REVIEW(user_no,movie_no,title,content) VALUES
    (5,11,'히어로물계의 한획을 긋는 작품임','잘 만들었고 재미있다. 히어로가 성인군자가 아닌 것이 불쾌할 수도 있지만, 오히려 그래서 답답하지 않고 시원한 맛도 있었다.');


-- ORDER
